{
  "java": {
    "Rel": 0.44965460465460466,
    "Con": 0.525,
    "Comp": 0.42529761904761904,
    "N": 40
  },
  "js": {
    "Rel": 0.5145773551926802,
    "Con": 0.6458333333333334,
    "Comp": 0.5157936507936508,
    "N": 40
  },
  "py": {
    "Rel": 0.3807936507936508,
    "Con": 0.5083333333333333,
    "Comp": 0.35125,
    "N": 40
  },
  "overall": {
    "Rel": 0.44834187021364524,
    "Con": 0.5597222222222222,
    "Comp": 0.43078042328042326,
    "N": 120
  }
}