{
  "java": {
    "Rel": 0.4516527980014987,
    "Con": 0.4464285714285714,
    "Comp": 0.4974404761904762,
    "N": 40
  },
  "js": {
    "Rel": 0.4622857886492431,
    "Con": 0.4714285714285714,
    "Comp": 0.5001686507936508,
    "N": 40
  },
  "py": {
    "Rel": 0.6564841092454725,
    "Con": 0.6357142857142857,
    "Comp": 0.7223214285714286,
    "N": 40
  },
  "overall": {
    "Rel": 0.5234742319654048,
    "Con": 0.5178571428571428,
    "Comp": 0.5733101851851852,
    "N": 120
  }
}