{
  "java": {
    "Rel": 0.08597113997113998,
    "Con": 0.136,
    "Comp": 0.06720238095238096,
    "N": 100
  },
  "js": {
    "Rel": 0.11597816562522445,
    "Con": 0.187,
    "Comp": 0.11243345543345544,
    "N": 100
  },
  "py": {
    "Rel": 0.06301443001443001,
    "Con": 0.09,
    "Comp": 0.05576190476190476,
    "N": 100
  },
  "overall": {
    "Rel": 0.08832124520359814,
    "Con": 0.13766666666666666,
    "Comp": 0.07846591371591372,
    "N": 300
  }
}