{
  "java": {
    "Rel": 0.11286796536796537,
    "Con": 0.147,
    "Comp": 0.10220238095238095,
    "N": 100
  },
  "js": {
    "Rel": 0.15816971916971917,
    "Con": 0.22833333333333333,
    "Comp": 0.13776678876678877,
    "N": 100
  },
  "py": {
    "Rel": 0.09022222222222222,
    "Con": 0.11833333333333333,
    "Comp": 0.08126190476190476,
    "N": 100
  },
  "overall": {
    "Rel": 0.12041996891996892,
    "Con": 0.16455555555555557,
    "Comp": 0.10707702482702483,
    "N": 300
  }
}