{
  "java": {
    "Rel": 0.474505772005772,
    "Con": 0.497,
    "Comp": 0.463702380952381,
    "N": 100
  },
  "js": {
    "Rel": 0.459698063840921,
    "Con": 0.5263333333333333,
    "Comp": 0.44068345543345544,
    "N": 100
  },
  "py": {
    "Rel": 0.6547893217893218,
    "Con": 0.6733333333333333,
    "Comp": 0.6480952380952381,
    "N": 100
  },
  "overall": {
    "Rel": 0.5296643858786716,
    "Con": 0.5655555555555556,
    "Comp": 0.5174936914936915,
    "N": 300
  }
}