{
  "java": {
    "Rel": 0.11143939393939394,
    "Con": 0.1445,
    "Comp": 0.10220238095238095,
    "N": 100
  },
  "js": {
    "Rel": 0.1513125763125763,
    "Con": 0.21666666666666667,
    "Comp": 0.13776678876678877,
    "N": 100
  },
  "py": {
    "Rel": 0.08697546897546897,
    "Con": 0.1125,
    "Comp": 0.08126190476190476,
    "N": 100
  },
  "overall": {
    "Rel": 0.11657581307581308,
    "Con": 0.15788888888888888,
    "Comp": 0.10707702482702483,
    "N": 300
  }
}