{
  "java": {
    "Rel": 0.44554863673659734,
    "Con": 0.4514722222222222,
    "Comp": 0.4603690476190476,
    "N": 100
  },
  "js": {
    "Rel": 0.4396098279073242,
    "Con": 0.49302380952380953,
    "Comp": 0.43868345543345544,
    "N": 100
  },
  "py": {
    "Rel": 0.6178251786527649,
    "Con": 0.6178809523809524,
    "Comp": 0.6349285714285714,
    "N": 100
  },
  "overall": {
    "Rel": 0.5009945477655622,
    "Con": 0.520792328042328,
    "Comp": 0.5113270248270249,
    "N": 300
  }
}