{
  "label_a": "seed",
  "label_b": "final",
  "n": 120,
  "mean_delta": 0.6308102822600891,
  "median_delta": 0.6666666666666666,
  "ci_95": [
    0.5729266124656016,
    0.6859361564775063
  ],
  "wilcoxon_p": 1.1862478678040197e-19,
  "cohen_d": 2.0293796683145997,
  "cliffs_delta": 0.9083333333333333
}