{
  "label_a": "llama3",
  "label_b": "deepseek",
  "n": 120,
  "mean_delta": 0.0418235728788808,
  "median_delta": 0.049211192231787104,
  "ci_95": [
    -0.0035928880490856733,
    0.08735402305176598
  ],
  "wilcoxon_p": 0.024958892026238,
  "cohen_d": 0.16180654852494375,
  "cliffs_delta": 0.2916666666666667
}