{
  "java": {
    "Rel": 0.9525785325785325,
    "Con": 0.9607738095238095,
    "Comp": 0.9530952380952381,
    "N": 40
  },
  "js": {
    "Rel": 0.9657769534950063,
    "Con": 0.9933035714285714,
    "Comp": 0.9439186507936508,
    "N": 40
  },
  "py": {
    "Rel": 0.9579653948202336,
    "Con": 0.9689285714285715,
    "Comp": 0.9592857142857143,
    "N": 40
  },
  "overall": {
    "Rel": 0.9587736269645908,
    "Con": 0.9743353174603174,
    "Comp": 0.9520998677248678,
    "N": 120
  }
}