{
  "java": {
    "Rel": 0.5246488233988233,
    "Con": 0.5416666666666666,
    "Comp": 0.5310119047619047,
    "N": 40
  },
  "js": {
    "Rel": 0.1642128133304604,
    "Con": 0.25416666666666665,
    "Comp": 0.15589285714285714,
    "N": 40
  },
  "py": {
    "Rel": 0.03446969696969697,
    "Con": 0.041666666666666664,
    "Comp": 0.03125,
    "N": 40
  },
  "overall": {
    "Rel": 0.2411104445663269,
    "Con": 0.2791666666666667,
    "Comp": 0.23938492063492064,
    "N": 120
  }
}