{
  "java": {
    "Rel": 0.9376515023634839,
    "Con": 0.9586309523809524,
    "Comp": 0.9278571428571428,
    "N": 40
  },
  "js": {
    "Rel": 0.9495340012804935,
    "Con": 0.9743055555555555,
    "Comp": 0.9314186507936508,
    "N": 40
  },
  "py": {
    "Rel": 0.9579653948202336,
    "Con": 0.9689285714285715,
    "Comp": 0.9592857142857143,
    "N": 40
  },
  "overall": {
    "Rel": 0.9483836328214037,
    "Con": 0.9672883597883598,
    "Comp": 0.9395205026455027,
    "N": 120
  }
}