{
  "java": {
    "Rel": 0.8510077262467113,
    "Con": 0.84625,
    "Comp": 0.8848809523809524,
    "N": 40
  },
  "js": {
    "Rel": 0.8950415433276141,
    "Con": 0.925,
    "Comp": 0.8834803391053391,
    "N": 40
  },
  "py": {
    "Rel": 0.9360630889578258,
    "Con": 0.96875,
    "Comp": 0.9183928571428571,
    "N": 40
  },
  "overall": {
    "Rel": 0.8940374528440505,
    "Con": 0.9133333333333333,
    "Comp": 0.8955847162097162,
    "N": 120
  }
}