{
  "java": {
    "Rel": 0.9372433390981778,
    "Con": 0.9577976190476191,
    "Comp": 0.9278571428571428,
    "N": 40
  },
  "js": {
    "Rel": 0.9495340012804935,
    "Con": 0.9743055555555555,
    "Comp": 0.9314186507936508,
    "N": 40
  },
  "py": {
    "Rel": 0.9579653948202336,
    "Con": 0.9689285714285715,
    "Comp": 0.9592857142857143,
    "N": 40
  },
  "overall": {
    "Rel": 0.9482475783996349,
    "Con": 0.967010582010582,
    "Comp": 0.9395205026455027,
    "N": 120
  }
}