{
  "java": {
    "Rel": 0.9615152184979772,
    "Con": 0.9845238095238095,
    "Comp": 0.9467857142857143,
    "N": 40
  },
  "js": {
    "Rel": 0.975653398888693,
    "Con": 0.9908333333333333,
    "Comp": 0.9646329365079365,
    "N": 40
  },
  "py": {
    "Rel": 0.9743900543900544,
    "Con": 1.0,
    "Comp": 0.9557142857142857,
    "N": 40
  },
  "overall": {
    "Rel": 0.9705195572589081,
    "Con": 0.9917857142857143,
    "Comp": 0.9557109788359789,
    "N": 120
  }
}