{
  "java": {
    "Rel": 0.6535538205181063,
    "Con": 0.66375,
    "Comp": 0.6638690476190476,
    "N": 40
  },
  "js": {
    "Rel": 0.7322531347150838,
    "Con": 0.719186507936508,
    "Comp": 0.7690079365079365,
    "N": 40
  },
  "py": {
    "Rel": 0.5154405035232102,
    "Con": 0.5045892857142857,
    "Comp": 0.5348809523809523,
    "N": 40
  },
  "overall": {
    "Rel": 0.6337491529188001,
    "Con": 0.6291752645502645,
    "Comp": 0.6559193121693122,
    "N": 120
  }
}