{
  "java": {
    "Rel": 0.9471684140232527,
    "Con": 0.9625,
    "Comp": 0.9405952380952382,
    "N": 40
  },
  "js": {
    "Rel": 0.9663322276109526,
    "Con": 0.9854356060606061,
    "Comp": 0.9508928571428571,
    "N": 40
  },
  "py": {
    "Rel": 0.9567566036114423,
    "Con": 0.9791666666666666,
    "Comp": 0.9438095238095238,
    "N": 40
  },
  "overall": {
    "Rel": 0.9567524150818826,
    "Con": 0.9757007575757576,
    "Comp": 0.9450992063492063,
    "N": 120
  }
}