{
  "java": {
    "Rel": 0.9353659109707497,
    "Con": 0.9492261904761905,
    "Comp": 0.9348809523809524,
    "N": 40
  },
  "js": {
    "Rel": 0.9565926060778474,
    "Con": 0.9672321428571429,
    "Comp": 0.9508928571428571,
    "N": 40
  },
  "py": {
    "Rel": 0.9602275105846534,
    "Con": 0.9791666666666666,
    "Comp": 0.950952380952381,
    "N": 40
  },
  "overall": {
    "Rel": 0.9507286758777501,
    "Con": 0.9652083333333333,
    "Comp": 0.9455753968253968,
    "N": 120
  }
}