{
  "java": {
    "Rel": 0.9290295687415503,
    "Con": 0.9523809523809523,
    "Comp": 0.9186904761904762,
    "N": 40
  },
  "js": {
    "Rel": 0.939039495785988,
    "Con": 0.9680555555555556,
    "Comp": 0.9180257936507936,
    "N": 40
  },
  "py": {
    "Rel": 0.9482222082374243,
    "Con": 0.950595238095238,
    "Comp": 0.9592857142857143,
    "N": 40
  },
  "overall": {
    "Rel": 0.9387637575883209,
    "Con": 0.957010582010582,
    "Comp": 0.9320006613756614,
    "N": 120
  }
}