{
  "java": {
    "Rel": 0.9547105672105672,
    "Con": 0.9682142857142857,
    "Comp": 0.9489285714285715,
    "N": 40
  },
  "js": {
    "Rel": 0.9677620092325975,
    "Con": 0.9890972222222222,
    "Comp": 0.9524900793650793,
    "N": 40
  },
  "py": {
    "Rel": 0.9579653948202336,
    "Con": 0.9689285714285715,
    "Comp": 0.9592857142857143,
    "N": 40
  },
  "overall": {
    "Rel": 0.9601459904211327,
    "Con": 0.9754133597883597,
    "Comp": 0.9535681216931217,
    "N": 120
  }
}