{
  "java": {
    "Rel": 0.14821428571428572,
    "Con": 0.225,
    "Comp": 0.11619047619047619,
    "N": 40
  },
  "js": {
    "Rel": 0.1642128133304604,
    "Con": 0.25416666666666665,
    "Comp": 0.15589285714285714,
    "N": 40
  },
  "py": {
    "Rel": 0.03446969696969697,
    "Con": 0.041666666666666664,
    "Comp": 0.03125,
    "N": 40
  },
  "overall": {
    "Rel": 0.11563226533814769,
    "Con": 0.1736111111111111,
    "Comp": 0.10111111111111111,
    "N": 120
  }
}