{
  "msg": {
    "overall": {
      "count_scored": 300,
      "Con": 0.13766666666666666,
      "Comp": 0.07846591371591372,
      "Rel": 0.08832124520359814,
      "delta_rel_vs_baseline": 0.0,
      "delta_rel_vs_enhanced": -0.334824825827767
    },
    "by_lang": {
      "java": {
        "count_scored": 100,
        "Con": 0.136,
        "Comp": 0.06720238095238096,
        "Rel": 0.08597113997113998
      },
      "js": {
        "count_scored": 100,
        "Con": 0.187,
        "Comp": 0.11243345543345544,
        "Rel": 0.11597816562522445
      },
      "py": {
        "count_scored": 100,
        "Con": 0.09,
        "Comp": 0.05576190476190476,
        "Rel": 0.06301443001443001
      }
    }
  },
  "codereviewer_pred": {
    "overall": {
      "count_scored": 300,
      "Con": 0.38666666666666666,
      "Comp": 0.16110740185740186,
      "Rel": 0.21270681170681172,
      "delta_rel_vs_baseline": 0.12438556650321357,
      "delta_rel_vs_enhanced": -0.21043925932455343
    },
    "by_lang": {
      "java": {
        "count_scored": 100,
        "Con": 0.37,
        "Comp": 0.16154761904761905,
        "Rel": 0.20993645243645245
      },
      "js": {
        "count_scored": 100,
        "Con": 0.475,
        "Comp": 0.2029412531912532,
        "Rel": 0.2672077922077922
      },
      "py": {
        "count_scored": 100,
        "Con": 0.315,
        "Comp": 0.11883333333333333,
        "Rel": 0.16097619047619047
      }
    }
  },
  "magicoder_pred": {
    "overall": {
      "count_scored": 300,
      "Con": 0.3737403906006847,
      "Comp": 0.3375932585932586,
      "Rel": 0.31274696210744707,
      "delta_rel_vs_baseline": 0.22442571690384894,
      "delta_rel_vs_enhanced": -0.11039910892391808
    },
    "by_lang": {
      "java": {
        "count_scored": 100,
        "Con": 0.3619813797313797,
        "Comp": 0.3279642857142857,
        "Rel": 0.30640700481571403
      },
      "js": {
        "count_scored": 100,
        "Con": 0.4170684038184038,
        "Comp": 0.3665535853035853,
        "Rel": 0.3409169398848697
      },
      "py": {
        "count_scored": 100,
        "Con": 0.3421713882522706,
        "Comp": 0.31826190476190475,
        "Rel": 0.2909169416217575
      }
    }
  },
  "deepseekcoder_pred": {
    "overall": {
      "count_scored": 300,
      "Con": 0.3823119658119658,
      "Comp": 0.26048996373996375,
      "Rel": 0.278836554840401,
      "delta_rel_vs_baseline": 0.19051530963680285,
      "delta_rel_vs_enhanced": -0.14430951619096416
    },
    "by_lang": {
      "java": {
        "count_scored": 100,
        "Con": 0.39875,
        "Comp": 0.26073015873015876,
        "Rel": 0.27489216864754884
      },
      "js": {
        "count_scored": 100,
        "Con": 0.4107692307692308,
        "Comp": 0.28266830391830394,
        "Rel": 0.30622010413570516
      },
      "py": {
        "count_scored": 100,
        "Con": 0.33741666666666664,
        "Comp": 0.23807142857142857,
        "Rel": 0.255397391737949
      }
    }
  },
  "stable_code_pred": {
    "overall": {
      "count_scored": 300,
      "Con": 0.2580978835978836,
      "Comp": 0.12711796536796538,
      "Rel": 0.15461700238430706,
      "delta_rel_vs_baseline": 0.06629575718070892,
      "delta_rel_vs_enhanced": -0.26852906864705806
    },
    "by_lang": {
      "java": {
        "count_scored": 100,
        "Con": 0.276,
        "Comp": 0.13757142857142857,
        "Rel": 0.1684155844155844
      },
      "js": {
        "count_scored": 100,
        "Con": 0.2710714285714286,
        "Comp": 0.13259199134199134,
        "Rel": 0.1607773165792306
      },
      "py": {
        "count_scored": 100,
        "Con": 0.22722222222222221,
        "Comp": 0.11119047619047619,
        "Rel": 0.13465810615810617
      }
    }
  },
  "llama3_pred": {
    "overall": {
      "count_scored": 300,
      "Con": 0.3164145299145299,
      "Comp": 0.2789647482147482,
      "Rel": 0.27084467781808513,
      "delta_rel_vs_baseline": 0.182523432614487,
      "delta_rel_vs_enhanced": -0.15230139321328
    },
    "by_lang": {
      "java": {
        "count_scored": 100,
        "Con": 0.27976190476190477,
        "Comp": 0.2338373015873016,
        "Rel": 0.2264857815557079
      },
      "js": {
        "count_scored": 100,
        "Con": 0.3414578754578755,
        "Comp": 0.3082474192474193,
        "Rel": 0.30106447821209087
      },
      "py": {
        "count_scored": 100,
        "Con": 0.3280238095238095,
        "Comp": 0.2948095238095238,
        "Rel": 0.2849837736864566
      }
    }
  },
  "gpt3.5_pred": {
    "overall": {
      "count_scored": 300,
      "Con": 0.5175306637806638,
      "Comp": 0.4918679468679469,
      "Rel": 0.464644973247373,
      "delta_rel_vs_baseline": 0.3763237280437749,
      "delta_rel_vs_enhanced": 0.04149890221600788
    },
    "by_lang": {
      "java": {
        "count_scored": 100,
        "Con": 0.5211471861471861,
        "Comp": 0.5018531746031746,
        "Rel": 0.46802118092635336
      },
      "js": {
        "count_scored": 100,
        "Con": 0.5068690476190476,
        "Comp": 0.4521554279054279,
        "Rel": 0.4437580225467921
      },
      "py": {
        "count_scored": 100,
        "Con": 0.5245757575757576,
        "Comp": 0.5215952380952381,
        "Rel": 0.4821557162689736
      }
    }
  },
  "codellama_7b_pred": {
    "overall": {
      "count_scored": 119,
      "Con": 0.35970388155262106,
      "Comp": 0.2522308923569428,
      "Rel": 0.2682971193226715,
      "delta_rel_vs_baseline": 0.17997587411907334,
      "delta_rel_vs_enhanced": -0.15484895170869367
    },
    "by_lang": {
      "java": {
        "count_scored": 37,
        "Con": 0.3852638352638353,
        "Comp": 0.32995495495495497,
        "Rel": 0.3159478595023026
      },
      "js": {
        "count_scored": 50,
        "Con": 0.37166666666666665,
        "Comp": 0.20366666666666666,
        "Rel": 0.24584559884559884
      },
      "py": {
        "count_scored": 32,
        "Con": 0.31145833333333334,
        "Comp": 0.2382440476190476,
        "Rel": 0.24828145173539912
      }
    }
  },
  "codellama_7b_pred.1": {
    "overall": {
      "count_scored": 119,
      "Con": 0.35970388155262106,
      "Comp": 0.2522308923569428,
      "Rel": 0.2682971193226715,
      "delta_rel_vs_baseline": 0.17997587411907334,
      "delta_rel_vs_enhanced": -0.15484895170869367
    },
    "by_lang": {
      "java": {
        "count_scored": 37,
        "Con": 0.3852638352638353,
        "Comp": 0.32995495495495497,
        "Rel": 0.3159478595023026
      },
      "js": {
        "count_scored": 50,
        "Con": 0.37166666666666665,
        "Comp": 0.20366666666666666,
        "Rel": 0.24584559884559884
      },
      "py": {
        "count_scored": 32,
        "Con": 0.31145833333333334,
        "Comp": 0.2382440476190476,
        "Rel": 0.24828145173539912
      }
    }
  },
  "lstm_pred": {
    "overall": {
      "count_scored": 300,
      "Con": 0.011111111111111112,
      "Comp": 0.002611111111111111,
      "Rel": 0.004137566137566138,
      "delta_rel_vs_baseline": -0.08418367906603201,
      "delta_rel_vs_enhanced": -0.419008504893799
    },
    "by_lang": {
      "java": {
        "count_scored": 100,
        "Con": 0.0,
        "Comp": 0.0,
        "Rel": 0.0
      },
      "js": {
        "count_scored": 100,
        "Con": 0.0,
        "Comp": 0.0,
        "Rel": 0.0
      },
      "py": {
        "count_scored": 100,
        "Con": 0.03333333333333333,
        "Comp": 0.007833333333333333,
        "Rel": 0.012412698412698413
      }
    }
  },
  "knn_pred": {
    "overall": {
      "count_scored": 300,
      "Con": 0.0,
      "Comp": 0.0,
      "Rel": 0.0,
      "delta_rel_vs_baseline": -0.08832124520359814,
      "delta_rel_vs_enhanced": -0.42314607103136515
    },
    "by_lang": {
      "java": {
        "count_scored": 100,
        "Con": 0.0,
        "Comp": 0.0,
        "Rel": 0.0
      },
      "js": {
        "count_scored": 100,