{
  "java": {
    "Rel": 0.09058108829867291,
    "Con": 0.07267451295372607,
    "Comp": 0.15619047619047619,
    "N": 40
  },
  "js": {
    "Rel": 0.10194593179600676,
    "Con": 0.10833376454699985,
    "Comp": 0.12779130591630591,
    "N": 40
  },
  "py": {
    "Rel": 0.08979558341986531,
    "Con": 0.086628009219328,
    "Comp": 0.14107142857142857,
    "N": 40
  },
  "overall": {
    "Rel": 0.09410753450484832,
    "Con": 0.0892120955733513,
    "Comp": 0.14168440355940357,
    "N": 120
  }
}