{
  "java": {
    "Rel": 0.30799711898009113,
    "Con": 0.3833333333333333,
    "Comp": 0.2860714285714286,
    "N": 40
  },
  "js": {
    "Rel": 0.31616725379883276,
    "Con": 0.3875,
    "Comp": 0.3270752164502164,
    "N": 40
  },
  "py": {
    "Rel": 0.28581783421257106,
    "Con": 0.31798245614035087,
    "Comp": 0.3192261904761905,
    "N": 40
  },
  "overall": {
    "Rel": 0.3033274023304983,
    "Con": 0.36293859649122806,
    "Comp": 0.3107909451659452,
    "N": 120
  }
}