{
  "java": {
    "Rel": 0.2586246923011629,
    "Con": 0.35625,
    "Comp": 0.23589285714285715,
    "N": 40
  },
  "js": {
    "Rel": 0.40287456220960055,
    "Con": 0.4791666666666667,
    "Comp": 0.41088834776334776,
    "N": 40
  },
  "py": {
    "Rel": 0.2632717282717283,
    "Con": 0.32375,
    "Comp": 0.2716071428571429,
    "N": 40
  },
  "overall": {
    "Rel": 0.3082569942608306,
    "Con": 0.3863888888888889,
    "Comp": 0.30612944925444924,
    "N": 120
  }
}