{
  "java": {
    "Rel": 0.4880050505050505,
    "Con": 0.5,
    "Comp": 0.4786904761904762,
    "N": 40
  },
  "js": {
    "Rel": 0.5290873015873016,
    "Con": 0.6,
    "Comp": 0.5090178571428572,
    "N": 40
  },
  "py": {
    "Rel": 0.5458333333333333,
    "Con": 0.5458333333333333,
    "Comp": 0.5458333333333333,
    "N": 40
  },
  "overall": {
    "Rel": 0.5209752284752285,
    "Con": 0.5486111111111112,
    "Comp": 0.5111805555555555,
    "N": 120
  }
}