{
  "java": {
    "Rel": 0.4687937014656153,
    "Con": 0.4725793650793651,
    "Comp": 0.47035714285714286,
    "N": 40
  },
  "js": {
    "Rel": 0.5028460657326637,
    "Con": 0.5588392857142858,
    "Comp": 0.5040178571428572,
    "N": 40
  },
  "py": {
    "Rel": 0.5068545439235095,
    "Con": 0.4825,
    "Comp": 0.5375,
    "N": 40
  },
  "overall": {
    "Rel": 0.4928314370405961,
    "Con": 0.5046395502645503,
    "Comp": 0.5039583333333333,
    "N": 120
  }
}