{
  "java": {
    "Rel": 0.48497589012294895,
    "Con": 0.6583333333333333,
    "Comp": 0.42904761904761907,
    "N": 40
  },
  "js": {
    "Rel": 0.5365479107651783,
    "Con": 0.6375,
    "Comp": 0.5354590548340549,
    "N": 40
  },
  "py": {
    "Rel": 0.5974707686104745,
    "Con": 0.7416666666666667,
    "Comp": 0.5542857142857143,
    "N": 40
  },
  "overall": {
    "Rel": 0.5396648564995339,
    "Con": 0.6791666666666667,
    "Comp": 0.5062641293891293,
    "N": 120
  }
}