{
  "java": {
    "Rel": 0.8204039526533632,
    "Con": 0.8810579004329004,
    "Comp": 0.8007738095238095,
    "N": 40
  },
  "js": {
    "Rel": 0.7697651086991661,
    "Con": 0.841220238095238,
    "Comp": 0.7513636363636363,
    "N": 40
  },
  "py": {
    "Rel": 0.7778974277356631,
    "Con": 0.7776587301587301,
    "Comp": 0.8196428571428571,
    "N": 40
  },
  "overall": {
    "Rel": 0.7893554963627308,
    "Con": 0.8333122895622895,
    "Comp": 0.7905934343434343,
    "N": 120
  }
}