{
  "java": {
    "Rel": 0.68740770933788,
    "Con": 0.7265674603174603,
    "Comp": 0.7034523809523809,
    "N": 40
  },
  "js": {
    "Rel": 0.6365322146510314,
    "Con": 0.6657638888888889,
    "Comp": 0.6595084776334776,
    "N": 40
  },
  "py": {
    "Rel": 0.6755059931236401,
    "Con": 0.6696182764603817,
    "Comp": 0.7341071428571428,
    "N": 40
  },
  "overall": {
    "Rel": 0.6664819723708505,
    "Con": 0.6873165418889103,
    "Comp": 0.6990226671476671,
    "N": 120
  }
}