{
  "java": {
    "Rel": 0.5565615592976274,
    "Con": 0.6104166666666666,
    "Comp": 0.5464285714285715,
    "N": 40
  },
  "js": {
    "Rel": 0.710427010926237,
    "Con": 0.7916666666666666,
    "Comp": 0.7000405844155844,
    "N": 40
  },
  "py": {
    "Rel": 0.6704273477605948,
    "Con": 0.68125,
    "Comp": 0.7164880952380952,
    "N": 40
  },
  "overall": {
    "Rel": 0.6458053059948197,
    "Con": 0.6944444444444444,
    "Comp": 0.6543190836940836,
    "N": 120
  }
}