{
  "java": {
    "Rel": 0.5968909939353723,
    "Con": 0.6424404761904762,
    "Comp": 0.589047619047619,
    "N": 40
  },
  "js": {
    "Rel": 0.7732846389551391,
    "Con": 0.7902754884004884,
    "Comp": 0.8034126984126985,
    "N": 40
  },
  "py": {
    "Rel": 0.6574011984460901,
    "Con": 0.6441071428571429,
    "Comp": 0.715297619047619,
    "N": 40
  },
  "overall": {
    "Rel": 0.6758589437788671,
    "Con": 0.6922743691493691,
    "Comp": 0.7025859788359788,
    "N": 120
  }
}