{
  "java": {
    "Rel": 0.3691053391053391,
    "Con": 0.4614583333333333,
    "Comp": 0.3286904761904762,
    "N": 40
  },
  "js": {
    "Rel": 0.5735600214214487,
    "Con": 0.6616071428571428,
    "Comp": 0.5876190476190476,
    "N": 40
  },
  "py": {
    "Rel": 0.43362723061252473,
    "Con": 0.47805555555555557,
    "Comp": 0.4473809523809524,
    "N": 40
  },
  "overall": {
    "Rel": 0.4587641970464375,
    "Con": 0.5337070105820105,
    "Comp": 0.45456349206349206,
    "N": 120
  }
}