{
  "java": {
    "Rel": 0.4163895595614662,
    "Con": 0.5083333333333333,
    "Comp": 0.3805952380952381,
    "N": 40
  },
  "js": {
    "Rel": 0.47213657570321926,
    "Con": 0.5833333333333333,
    "Comp": 0.44090277777777775,
    "N": 40
  },
  "py": {
    "Rel": 0.6573162866545219,
    "Con": 0.7083333333333333,
    "Comp": 0.6680952380952381,
    "N": 40
  },
  "overall": {
    "Rel": 0.5152808073064025,
    "Con": 0.6,
    "Comp": 0.49653108465608464,
    "N": 120
  }
}