{
  "java": {
    "Rel": 0.7697052618434197,
    "Con": 0.7926861285266458,
    "Comp": 0.7925,
    "N": 40
  },
  "js": {
    "Rel": 0.7947011514112423,
    "Con": 0.8231851512014555,
    "Comp": 0.8343407287157287,
    "N": 40
  },
  "py": {
    "Rel": 0.8003919481766902,
    "Con": 0.7630555555555556,
    "Comp": 0.8875595238095239,
    "N": 40
  },
  "overall": {
    "Rel": 0.7882661204771174,
    "Con": 0.792975611761219,
    "Comp": 0.8381334175084175,
    "N": 120
  }
}