{
  "java": {
    "Rel": 0.6879812579623964,
    "Con": 0.6564565197388423,
    "Comp": 0.7845238095238095,
    "N": 40
  },
  "js": {
    "Rel": 0.6906808362509217,
    "Con": 0.6507250388500389,
    "Comp": 0.8153039321789322,
    "N": 40
  },
  "py": {
    "Rel": 0.6266811108222794,
    "Con": 0.5432646414575762,
    "Comp": 0.7738690476190476,
    "N": 40
  },
  "overall": {
    "Rel": 0.6684477350118658,
    "Con": 0.6168154000154858,
    "Comp": 0.7912322631072631,
    "N": 120
  }
}