{
  "java": {
    "Rel": 0.4647751023294612,
    "Con": 0.5026190476190476,
    "Comp": 0.4741666666666667,
    "N": 40
  },
  "js": {
    "Rel": 0.4574348445550146,
    "Con": 0.5067857142857143,
    "Comp": 0.4915214646464646,
    "N": 40
  },
  "py": {
    "Rel": 0.37816713542270103,
    "Con": 0.3755357142857143,
    "Comp": 0.4421428571428571,
    "N": 40
  },
  "overall": {
    "Rel": 0.43345902743572556,
    "Con": 0.4616468253968254,
    "Comp": 0.46927699615199614,
    "N": 120
  }
}