{
  "java": {
    "Rel": 0.6970244574037529,
    "Con": 0.7039523078687165,
    "Comp": 0.7402380952380953,
    "N": 40
  },
  "js": {
    "Rel": 0.7193134353786694,
    "Con": 0.7718433985913206,
    "Comp": 0.7288627344877345,
    "N": 40
  },
  "py": {
    "Rel": 0.7209169612227166,
    "Con": 0.6701520464102825,
    "Comp": 0.8101190476190476,
    "N": 40
  },
  "overall": {
    "Rel": 0.7124182846683796,
    "Con": 0.7153159176234398,
    "Comp": 0.7597399591149591,
    "N": 120
  }
}