{
  "java": {
    "Rel": 0.650978776125835,
    "Con": 0.7458333333333333,
    "Comp": 0.62125,
    "N": 40
  },
  "js": {
    "Rel": 0.7068270009717378,
    "Con": 0.8833333333333333,
    "Comp": 0.6455483405483405,
    "N": 40
  },
  "py": {
    "Rel": 0.7455119454917842,
    "Con": 0.8104166666666667,
    "Comp": 0.7408928571428571,
    "N": 40
  },
  "overall": {
    "Rel": 0.7011059075297856,
    "Con": 0.8131944444444444,
    "Comp": 0.6692303992303993,
    "N": 120
  }
}