{
  "java": {
    "Rel": 0.46550496301710437,
    "Con": 0.4875,
    "Comp": 0.49083333333333334,
    "N": 40
  },
  "js": {
    "Rel": 0.4893948189148548,
    "Con": 0.5375,
    "Comp": 0.5098142135642135,
    "N": 40
  },
  "py": {
    "Rel": 0.5956882389187074,
    "Con": 0.56875,
    "Comp": 0.6850595238095238,
    "N": 40
  },
  "overall": {
    "Rel": 0.5168626736168889,
    "Con": 0.53125,
    "Comp": 0.5619023569023569,
    "N": 120
  }
}