{
  "java": {
    "Rel": 0.752103012085441,
    "Con": 0.8116666666666666,
    "Comp": 0.7373809523809524,
    "N": 40
  },
  "js": {
    "Rel": 0.7433445901844916,
    "Con": 0.7820833333333334,
    "Comp": 0.7601127344877345,
    "N": 40
  },
  "py": {
    "Rel": 0.7438800405247774,
    "Con": 0.7083333333333334,
    "Comp": 0.8326190476190476,
    "N": 40
  },
  "overall": {
    "Rel": 0.7464425475982367,
    "Con": 0.767361111111111,
    "Comp": 0.7767042448292448,
    "N": 120
  }
}